<?xml version="1.0" encoding="utf-8" ?>
<Defs>
  
  <InteractionDef>
    <defName>SLP_WordOfSleep</defName>
    <label>word of sleep</label>
    <workerClass>InteractionWorker</workerClass>
    <ignoreTimeSinceLastInteraction>True</ignoreTimeSinceLastInteraction>
    <symbol>Things/Mote/SpeechSymbols/SLP_ID_WordOfSleep</symbol>
    <logRulesInitiator>
      <rulesStrings>
        <li>r_logentry->[INITIATOR_nameDef] psychically calmed [RECIPIENT_nameDef] into a warm, sleepy and ready for bed state of mind.</li>
      </rulesStrings>
    </logRulesInitiator>
  </InteractionDef>
  
  <InteractionDef>
    <defName>SLP_WordOfContempt</defName>
    <label>word of contempt</label>
    <workerClass>InteractionWorker</workerClass>
    <ignoreTimeSinceLastInteraction>True</ignoreTimeSinceLastInteraction>
    <symbol>Things/Mote/SpeechSymbols/SLP_ID_WordOfContempt</symbol>
    <logRulesInitiator>
      <rulesStrings>
        <li>r_logentry->[INITIATOR_nameDef] psychically suggested [RECIPIENT_nameDef] should feel a new rivalry.</li>
      </rulesStrings>
    </logRulesInitiator>
  </InteractionDef>
  
  <InteractionDef>
    <defName>SLP_WordOfVigor</defName>
    <label>word of vigor</label>
    <workerClass>InteractionWorker</workerClass>
    <ignoreTimeSinceLastInteraction>True</ignoreTimeSinceLastInteraction>
    <symbol>Things/Mote/SpeechSymbols/SLP_ID_WordOfVigor</symbol>
    <logRulesInitiator>
      <rulesStrings>
        <li>r_logentry->[INITIATOR_nameDef] psychically boosted the needs of [RECIPIENT_nameDef].</li>
      </rulesStrings>
    </logRulesInitiator>
  </InteractionDef>
  
  <InteractionDef>
    <defName>SLP_WordOfComfort</defName>
    <label>word of comfort</label>
    <workerClass>InteractionWorker</workerClass>
    <ignoreTimeSinceLastInteraction>True</ignoreTimeSinceLastInteraction>
    <symbol>Things/Mote/SpeechSymbols/SLP_ID_WordOfComfort</symbol>
    <logRulesInitiator>
      <rulesStrings>
        <li>r_logentry->[INITIATOR_nameDef] psychically consoled [RECIPIENT_nameDef] about recent troubles.</li>
      </rulesStrings>
    </logRulesInitiator>
  </InteractionDef>

</Defs>