<?xml version="1.0" encoding="utf-8" ?>
<Defs>
    
  <HediffDef ParentName="DiseaseBase"> <!--PsycastHediffBase DiseaseBase -->
    <defName>SLP_RegenSickness</defName>
    <label>renewal sickness</label>
    <description>Deep psychic destabilisation of the body from hypercharging natural healing processes and pushing beyond them. Renewal Sickness, also known as Regeneration sickness, lasts from a few to several weeks depending on the level of exposure, causing consciousness reduction, discomfort, sluggishness and an increased appetite. It resolves itself with time.</description>
    <isBad>true</isBad>
	<everCurableByItem>false</everCurableByItem>
	
    <initialSeverity>7</initialSeverity>
    <maxSeverity>21</maxSeverity>
    <comps>
      <li Class="HediffCompProperties_SeverityPerDay">
        <severityPerDay>-0.5</severityPerDay>
        <showDaysToRecover>true</showDaysToRecover>
      </li>
	  <li Class="HediffCompProperties_DisappearsOnDeath"/>
    </comps>
    <stages>
      <li>
        <label>acclimatising</label>
        <capMods>
          <li>
            <capacity>Consciousness</capacity>
            <offset>-0.02</offset>
          </li>
        </capMods>
      </li>
      <li>
        <minSeverity>2.0</minSeverity>
        <label>minor</label>
		<painOffset>0.10</painOffset>
		<hungerRateFactorOffset>0.1</hungerRateFactorOffset>
        <capMods>
          <li>
            <capacity>Consciousness</capacity>
            <offset>-0.05</offset>
          </li>
		  <li>
            <capacity>Moving</capacity>
            <offset>-0.05</offset>
          </li>
        </capMods>
      </li>
      <li>
        <minSeverity>5.0</minSeverity>
        <label>major</label>
		<painOffset>0.15</painOffset>
		<hungerRateFactorOffset>0.2</hungerRateFactorOffset>
        <capMods>
          <li>
            <capacity>Consciousness</capacity>
            <offset>-0.1</offset>
          </li>
		  <li>
            <capacity>Moving</capacity>
            <offset>-0.1</offset>
          </li>
        </capMods>
      </li>
	  <li>
        <minSeverity>10.0</minSeverity>
        <label>severe</label>
		<painOffset>0.30</painOffset>
		<hungerRateFactorOffset>0.3</hungerRateFactorOffset>
        <capMods>
          <li>
            <capacity>Consciousness</capacity>
            <offset>-0.25</offset>
          </li>
		  <li>
            <capacity>Moving</capacity>
            <offset>-0.15</offset>
          </li>
        </capMods>
      </li>
	  <li>
        <minSeverity>18.0</minSeverity>
        <label>extreme</label>
		<painOffset>0.35</painOffset>
		<hungerRateFactorOffset>0.35</hungerRateFactorOffset>
        <capMods>
          <li>
            <capacity>Consciousness</capacity>
            <setMax>0.5</setMax>
          </li>
		  <li>
            <capacity>Moving</capacity>
            <offset>-0.2</offset>
          </li>
        </capMods>
      </li>
    </stages>
  </HediffDef>
  
  <HediffDef ParentName="DiseaseBase"> <!--PsycastHediffBase DiseaseBase -->
    <defName>SLP_HealingPains</defName>
    <label>healing pains</label>
    <description>Residue pains and discomfort from psychically supercharging the bodies natural healing processes. Healing pains cause general pain throughout the body as well as making sleep less effective while the supercharged bodily functions return to normal. Healing pains will last days to weeks depending on the level of exposure. It will pass with time.</description>
    <isBad>true</isBad>
	<everCurableByItem>false</everCurableByItem>
	
    <initialSeverity>7</initialSeverity>
    <maxSeverity>35</maxSeverity>
    <comps>
      <li Class="HediffCompProperties_SeverityPerDay">
        <severityPerDay>-3.0</severityPerDay>
        <showDaysToRecover>true</showDaysToRecover>
      </li>
	  <li Class="HediffCompProperties_DisappearsOnDeath"/>
    </comps>
    <stages>
      <li>
        <label>acclimatising</label>
		<painOffset>0.03</painOffset>
		<restFallFactorOffset>0.05</restFallFactorOffset>
        <capMods>
        </capMods>
      </li>
      <li>
        <minSeverity>3.5</minSeverity>
        <label>minor</label>
		<painOffset>0.1</painOffset>
		<restFallFactorOffset>0.1</restFallFactorOffset>
        <capMods>
        </capMods>
      </li>
      <li>
        <minSeverity>14.5</minSeverity>
        <label>major</label>
		<painOffset>0.2</painOffset>
		<restFallFactorOffset>0.25</restFallFactorOffset>
        <capMods>
        </capMods>
      </li>
	  <li>
        <minSeverity>22.0</minSeverity>
        <label>severe</label>
		<painOffset>0.3</painOffset>
		<restFallFactorOffset>0.5</restFallFactorOffset>
        <capMods>
        </capMods>
      </li>
	  <li>
        <minSeverity>29.0</minSeverity>
        <label>extreme</label>
		<painOffset>0.4</painOffset>
		<restFallFactorOffset>1.0</restFallFactorOffset>
        <capMods>
        </capMods>
      </li>
    </stages>
  </HediffDef>
	
</Defs>