<?xml version="1.0" encoding="utf-8" ?>
<Defs>
    
	<HediffDef ParentName="PsycastHediffBase">
    <defName>SLP_Psycast_ImmunityBoost</defName>
    <label>psychic immunity boost</label>
    <description>Psychically-induced immune system boost.</description>
    <isBad>false</isBad>
    <stages>
      <li>
        <statOffsets>
          <ImmunityGainSpeed>0.30</ImmunityGainSpeed>
        </statOffsets>
      </li>
    </stages>
  </HediffDef>
  
  <HediffDef ParentName="PsycastHediffBase">
    <defName>SLP_Psycast_HealingBoost</defName>
    <label>psychic healing</label>
    <description>Psychically-induced healing.</description>
    <isBad>false</isBad>
    <stages>
      <li>
        <statOffsets>
          <InjuryHealingFactor>0.60</InjuryHealingFactor>
        </statOffsets>
      </li>
    </stages>
  </HediffDef>
  
  <HediffDef ParentName="PsycastHediffBase">
    <defName>SLP_Psycast_FlashHeal</defName>
    <label>psychic rapid healing</label>
    <description>Rapid and draining psychically-induced healing.</description>
    <isBad>false</isBad>
    <stages>
      <li>
        <statOffsets>
          <InjuryHealingFactor>10.0</InjuryHealingFactor>
        </statOffsets>
      </li>
    </stages>
  </HediffDef>
  
  <HediffDef ParentName = "PsycastHediffBase">
	<defName>SLP_Psycast_Haemostasis</defName>
	<label>haemostasis</label>
	<description>Psychically-induced haemostasis.</description>
	<isBad>false</isBad>
	<stages>
	  <li>
		<totalBleedFactor>0.0</totalBleedFactor>
	  </li>
	</stages>
  </HediffDef>
  
  <HediffDef ParentName = "PsycastHediffBase">
    <defName>SLP_Psycast_SuperficialRegen</defName>
	<hediffClass>HediffWithComps</hediffClass>
	<label>superficial regeneration</label>
	<description>Draining psychically-induced scar healing.</description>
	<isBad>false</isBad>
	<comps>
      <li>
        <compClass>Sleepys_MorePsycasts.SLP_HediffComp_ScarsHealing</compClass>
      </li>
    </comps>
  </HediffDef>
  
  <HediffDef ParentName = "PsycastHediffBase">
    <defName>SLP_Psycast_WordOfSleep</defName>
	<hediffClass>HediffWithComps</hediffClass>
	<label>word of sleep</label>
	<description>Psychically-induced sleepiness.</description>
	<isBad>false</isBad>
	<comps>
      <li Class="Sleepys_MorePsycasts.HediffCompProperties_SLP_NeedOffset">
	    <compClass>Sleepys_MorePsycasts.SLP_HediffComp_AdjustNeed</compClass>
        <need>Rest</need>
        <offset>-0.75</offset>
      </li>
    </comps>
  </HediffDef>
  
  <HediffDef ParentName = "PsycastHediffBase">
    <defName>SLP_Psycast_WordOfVigor</defName>
	<hediffClass>HediffWithComps</hediffClass>
	<label>word of vigor</label>
	<description>Psychically-induced energy.</description>
	<isBad>false</isBad>
	<comps>
      <li Class="Sleepys_MorePsycasts.HediffCompProperties_SLP_NeedOffset">
	    <compClass>Sleepys_MorePsycasts.SLP_HediffComp_AdjustNeed</compClass>
        <need>Rest</need>
        <offset>0.40</offset>
      </li>
    </comps>
  </HediffDef>
  
</Defs>