<?xml version="1.0" encoding="utf-8" ?>
<Defs>

	<ThingDef ParentName="EtherealThingBase">
		<defName>SLP_ETH_ArcticPinhole</defName>
		<label>arctic pinhole</label>
		<thingClass>ThingWithComps</thingClass>
		<tickerType>Normal</tickerType>
		<drawerType>RealtimeOnly</drawerType>
		<drawOffscreen>true</drawOffscreen>
		<category>PsychicEmitter</category>
		<altitudeLayer>MoteOverheadLow</altitudeLayer>
		<graphicData>
		  <graphicClass>Graphic_Single</graphicClass>
		  <texPath>Things/Mote/SolarPinhole</texPath>
		  <shaderType>MoteGlowDistorted</shaderType>
		  <!--<color>(0, 3, 34)</color>-->
		  <color>(255, 255, 245)</color>
		  <drawSize>2</drawSize>
		  <shaderParameters>
			<_DistortionTex>/Other/Ripples</_DistortionTex>
			<_distortionIntensity>0.05</_distortionIntensity>
			<_DistortionScale>0.4</_DistortionScale>
			<_distortionScrollSpeed>(0.07, 0.07, 0.0)</_distortionScrollSpeed>
		  </shaderParameters>
		</graphicData>
		<comps>
		  <li Class="CompProperties_Glower">
			<glowRadius>3</glowRadius>
			<glowColor>(0, 11, 81 ,0)</glowColor>
			<!--<glowColor>(208,217,217,0)</glowColor>-->
		  </li>
		  <li Class="CompProperties_HeatPusher">
			<compClass>CompHeatPusherPowered</compClass>
			<heatPerSecond>-10</heatPerSecond>
			<heatPushMinTemperature>-5</heatPushMinTemperature>
		  </li>
		  <li Class="CompProperties_DestroyAfterDelay">
			<delayTicks>300000</delayTicks>
		  </li>
		</comps>
    </ThingDef>
  
</Defs>